bacterium,loading
Ruminiclostridium,0.7777018320831128
Turicibacter,-0.47043196291978656
Terrisporobacter,-0.30743725228561136
UCG.008,0.24805377796428105
Hungatella,-0.13351137697861898
